Year,Commodity,Macro,Stress_Index
2019,0.0,0.3659031832817467,0.18295159164087335
2020,0.10362518938785098,0.9560849058002323,0.5298550475940417
2021,0.9999999999999999,1.0000000000000002,1.0
2022,0.47156733811437945,0.0,0.23578366905718973
